"";"Rapper";"artist_id";"Search_Found";"Searchterm";"language"
"1";NA;NA;NA;NA;"NA"
"2";NA;"12 Finger Dan";"0";"12-Finger-Dan";"NA"
"3";"547530";"18 Karat";"1";"18-Karat";"german"
"4";"24476";"3Plusss";"1";"3Plusss";"german"
"5";"20278";"4tune";"1";"4tune";"german"
"6";NA;"7inch";"0";"7inch";"NA"
"7";"31834";"Abroo";"2";"Abroo";"german"
"8";"1667550";"Abroozzy";"2";"Abroo";"middle_frisian"
"9";"106284";"Antihelden";"1";"Antihelden";"german"
"10";"20543";"Absztrakkt";"3";"Absztrakkt";"keine_erfolgreiche_stichprobe"
"11";"498274";"Absztrakkt & Cr7z";"3";"Absztrakkt";"german"
"12";"215440";"Absztrakkt & Roey Marquis II.";"3";"Absztrakkt";"german"
"13";"18533";"AchtVier";"3";"AchtVier";"german"
"14";"323583";"AchtVier & Gzuz";"3";"AchtVier";"german"
"15";"1295064";"Nura & AchtVier";"3";"AchtVier";"german"
"16";"12482";"Afrob";"2";"Afrob";"german"
"17";"1207292";"Newen Afrobeat";"2";"Afrob";"spanish"
"18";"40769";"ASD";"1";"ASD";"english"
"19";"16028";"Brothers Keepers";"1";"Brothers-Keepers";"german"
"20";NA;"Afro Hesse";"0";"Afro-Hesse";"NA"
"21";"1011295";"Ahzumjot & Lance Butters";"1";"Ahzumjot";"german"
"22";"191839";"Ali Bumaye";"1";"Ali-Bumaye";"german"
"23";"44904";"Fluid (Albino Blacksheep)";"2";"Albino";"english"
"24";"491048";"Tomaso Albinoni";"2";"Albino";"portuguese"
"25";"223897";"Alexis Troy";"1";"Alexis-Troy";"keine_erfolgreiche_stichprobe"
"26";NA;"Al Gear";"0";"Al-Gear";"NA"
"27";"29396";"Ali As";"1";"Ali-As";"german"
"28";"32766";"Alina Baraz";"2";"Alina";"scots"
"29";"424062";"Alina Baraz & Galimatias";"2";"Alina";"english"
"30";"15506";"Alligatoah";"1";"Alligatoah";"german"
"31";"26447";"Trailerpark";"1";"Trailerpark";"german"
"32";"17856";"Alpa Gun";"1";"Alpa-Gun";"german"
"33";"453701";"Rodrigo Amarante";"1";"Amar";"portuguese"
"34";"20633";"Amewu";"1";"Amewu";"german"
"35";"14485";"Animus";"1";"Animus";"german"
"36";"278349";"Antifuchs";"1";"Antifuchs";"german"
"37";NA;"Aside";"0";"Aside";"NA"
"38";"29943";"Audio88 & Yassin";"1";"Audio88";"german"
"39";"11829";"Azad";"3";"Azad";"german"
"40";"13047";"Azad Right";"3";"Azad";"scots"
"41";"67699";"Kool Savas & Azad";"3";"Azad";"german"
"42";"1497324";"Asiatic Warriors";"1";"Asiatic-Warriors";"german"
"43";"68538";"Warheit";"1";"Warheit";"keine_erfolgreiche_stichprobe"
"44";"534027";"Kaka Azraff";"3";"Azra";"indonesian"
"45";"104460";"Eko Fresh & Azra";"3";"Azra";"german"
"46";"1066416";"Azrael.XS";"3";"Azra";"english"
"47";"178366";"Azzi Memo";"1";"Azzi-Memo";"german"
"48";"12433";"Baba Saad";"1";"Baba-Saad";"german"
"49";"53445";"Bacapon";"1";"Bacapon";"german"
"50";"346761";"Bahari";"2";"Bahar";"scots"
"51";"64877";"Bahar";"2";"Bahar";"english"
"52";"13363";"Bass Sultan Hengzt";"1";"Bass-Sultan-Hengzt";"german"
"53";"201261";"Berlins Most Wanted";"1";"Berlins-Most-Wanted";"german"
"54";NA;"BattleBoi Basti";"0";"BattleBoi-Basti";"NA"
"55";NA;"Beatbox Eliot";"0";"Beatbox-Eliot";"NA"
"56";NA;"Beatzarre";"0";"Beatzarre";"NA"
"57";"259515";"Muhabbet & Bektas Günes";"2";"Bektas";"danish"
"58";"635217";"Bektas Günes";"2";"Bektas";"turkish"
"59";"31769";"Ben Salomo";"1";"Ben-Salomo";"german"
"60";"268853";"Bero Bass";"1";"Bero-Bass";"german"
"61";"134291";"Big Derill Mack";"1";"Big-Derill-Mack";"german"
"62";NA;"Masters of Rap";"0";"Masters-of-Rap";"NA"
"63";NA;"Biztram";"0";"Biztram";"NA"
"64";"14316";"Bizzy Montana";"2";"Bizzy-Montana";"german"
"65";"115683";"Chakuza & Bizzy Montana";"2";"Bizzy-Montana";"keine_erfolgreiche_stichprobe"
"66";NA;"B Lash";"0";"B-Lash";"NA"
"67";NA;"Bülent Çelebi";"0";"Bülent-Çelebi";"NA"
"68";"337957";"Digger Dance";"1";"Digger-Dance";"german"
"69";"42789";"Blokkmonsta";"4";"Blokkmonsta";"keine_erfolgreiche_stichprobe"
"70";"559952";"Uzi, Blokkmonsta & Schwartz";"4";"Blokkmonsta";"german"
"71";"336485";"Blokkmonsta & Uzi";"4";"Blokkmonsta";"german"
"72";"329076";"Blokkmonsta, Uzi & SDBY";"4";"Blokkmonsta";"german"
"73";"16232";"Blumio";"1";"Blumio";"german"
"74";"82061";"Blut & Kasse";"1";"Blut-&-Kasse";"german"
"75";"18685";"Boba Fettt";"1";"Boba-Fettt";"german"
"76";NA;"Bo Flower";"0";"Bo-Flower";"NA"
"77";"978712";"Bonez MC & RAF Camora";"2";"Bonez-MC";"german"
"78";"322245";"Gzuz & Bonez MC";"2";"Bonez-MC";"german"
"79";"19650";"187 Strassenbande";"1";"187-Strassenbande";"german"
"80";"619178";"Vega & Bosca";"2";"Bosca";"german"
"81";"1037834";"Bosca";"2";"Bosca";"german"
"82";NA;"Boshi San";"0";"Boshi-San";"NA"
"83";NA;"Arye Sharuz Shalicar";"0";"Arye-Sharuz-Shalicar";"NA"
"84";"13590";"Boulevard Bou";"1";"Boulevard-Bou";"german"
"85";"226915";"V Bozeman";"2";"Boz";"english"
"86";"85037";"Bozza";"2";"Boz";"german"
"87";"192758";"BRKN";"2";"BRKN";"german"
"88";"385336";"BRKN RBTZ";"2";"BRKN";"english"
"89";"367831";"Bruda Sven";"1";"Bruda-Sven";"german"
"90";NA;"B Tight";"0";"B-Tight";"NA"
"91";NA;"Alles ist die Sekte";"0";"Alles-ist-die-Sekte";"NA"
"92";NA;"George Boateng";"0";"George-Boateng";"NA"
"93";"622212";"Buddy Buxbaum";"1";"Buddy-Buxbaum";"german"
"94";"36209";"Deichkind";"1";"Deichkind";"german"
"95";"382590";"Bürger Lars Dietrich";"1";"Bürger-Lars-Dietrich";"german"
"96";"12338";"Bushido";"2";"Bushido";"german"
"97";"513438";"Bushido & Shindy";"2";"Bushido";"german"
"98";NA;"Caddy Pack";"0";"Caddy-Pack";"NA"
"99";"1038122";"Capital Bra";"1";"Capital-Bra";"german"
"100";"15531";"Capkekz";"1";"Capkekz";"german"
"101";"76753";"L'A Capone";"3";"Capo";"scots"
"102";"991191";"Capo Plaza";"3";"Capo";"italian"
"103";"3791";"Capo";"3";"Capo";"catalan"
"104";"18679";"Cappuccino";"2";"Cappuccino";"german"
"105";"18022";"Capeech Cappuccino";"2";"Cappuccino";"scots"
"106";"358137";"Jazzkantine";"1";"Jazzkantine";"german"
"107";"33084";"Johnny Mauser & Captain Gips";"2";"Captain-Gips";"keine_erfolgreiche_stichprobe"
"108";"52735";"Captain Gips";"2";"Captain-Gips";"german"
"109";"392114";"Sergio Caputo";"2";"Caput";"italian"
"110";"12619";"Caput";"2";"Caput";"german"
"111";"26289";"Carlprit";"2";"Carlprit";"english"
"112";"523093";"Modana & Carlprit";"2";"Carlprit";"scots"
"113";"44284";"Cashisclay";"1";"Cashisclay";"german"
"114";NA;"CashMo";"0";"CashMo";"NA"
"115";"1593971";"Nio García, Casper Mágico & Bad Bunny";"3";"Casper";"spanish"
"116";"12089";"Casper";"3";"Casper";"keine_erfolgreiche_stichprobe"
"117";"1466087";"Nio García, Casper Mágico & Darell";"3";"Casper";"spanish"
"118";NA;"Casper Hight";"0";"Casper-Hight";"NA"
"119";"33120";"Chaoze One";"1";"Chaoze-One";"german"
"120";NA;"Choukri Gustmann";"0";"Choukri-Gustmann";"NA"
"121";"55426";"Charnell";"2";"Charnell";"german"
"122";"318819";"Aunye, Charnell, Kayla, Tionnia";"2";"Charnell";"english"
"123";"17651";"Chefket";"1";"Chefket";"german"
"124";"40382";"Chima";"4";"Chima";"german"
"125";"196940";"Chima Ede";"4";"Chima";"german"
"126";"1001430";"Megaloh, Chima Ede & Musa";"4";"Chima";"german"
"127";"1002732";"Chima Ede & Ghanaian Stallion";"4";"Chima";"german"
"128";"24257";"Clueso";"1";"Clueso";"german"
"129";NA;"Colos";"0";"Colos";"NA"
"130";"13674";"Cora E.";"1";"Cora-E.";"german"
"131";"910346";"Corus 86 & DJ Reckless";"2";"Corus-86";"german"
"132";"214210";"Corus 86";"2";"Corus-86";"keine_erfolgreiche_stichprobe"
"133";NA;"Costik Iwey";"0";"Costik-Iwey";"NA"
"134";"31772";"Cr7z";"1";"Cr7z";"german"
"135";"31767";"Credibil";"1";"Credibil";"german"
"136";NA;"Cro";"0";"Cro";"NA"
"137";"484914";"Cronite";"1";"Cronite";"english"
"138";"59510";"Crystal Fighters";"3";"Crystal-F";"english"
"139";"24527";"Crystal F";"3";"Crystal-F";"keine_erfolgreiche_stichprobe"
"140";"30651";"Crystal Force";"3";"Crystal-F";"scots"
"141";"39121";"Ruffiction";"1";"Ruffiction";"german"
"142";NA;"Curse";"0";"Curse";"NA"
"143";"12608";"Damion Davis";"1";"Damion-Davis";"german"
"144";"42897";"NMZS & Danger Dan";"2";"Danger-Dan";"german"
"145";"24783";"Danger Dan";"2";"Danger-Dan";"german"
"146";"52487";"Antilopen Gang";"1";"Antilopen-Gang";"german"
"147";"644559";"Danju";"1";"Danju";"german"
"148";"72339";"Danny Fresh";"1";"Danny-Fresh";"german"
"149";NA;"W4C";"0";"W4C";"NA"
"150";"1006113";"Dardan";"1";"Dardan";"german"
"151";"656157";"Darnell Williams";"3";"Darn";"scots"
"152";"13532";"Darnell Robinson";"3";"Darn";"english"
"153";"383802";"Casey Darnell";"3";"Darn";"keine_erfolgreiche_stichprobe"
"154";"12450";"Das Bo";"1";"Das-Bo";"german"
"155";"32174";"Der Tobi & das Bo";"1";"Der-Tobi-&-das-Bo";"german"
"156";"36164";"Fünf Sterne deluxe";"1";"Fünf-Sterne-deluxe";"german"
"157";"45673";"David Asphalt";"2";"David-Asphalt";"german"
"158";"50224";"David Asphalt & Milli";"2";"David-Asphalt";"german"
"159";"358800";"David Pomeranz";"6";"David-P.";"english"
"160";"59308";"David Porter";"6";"David-P.";"keine_erfolgreiche_stichprobe"
"161";"150468";"David Punch";"6";"David-P.";"scots"
"162";"404919";"David Pabon";"6";"David-P.";"spanish"
"163";"1407179";"David Parra";"6";"David-P.";"keine_erfolgreiche_stichprobe"
"164";"47764";"David Pogue";"6";"David-P.";"english"
"165";"47715";"Main Concept";"1";"Main-Concept";"german"
"166";NA;"D Bo";"0";"D-Bo";"NA"
"167";"17966";"DCVDNS";"1";"DCVDNS";"german"
"168";"325722";"Dean Dawson";"1";"Dean-Dawson";"scots"
"169";"183542";"Spezializtz";"1";"Spezializtz";"german"
"170";NA;"Dee Ex";"0";"Dee-Ex";"NA"
"171";"17681";"Dendemann";"1";"Dendemann";"german"
"172";"12129";"Eins Zwo";"1";"Eins-Zwo";"german"
"173";"370262";"Dennis Lisk";"1";"Dennis-Lisk";"german"
"174";"25183";"Beginner";"1";"Beginner";"german"
"175";"20279";"Der Asiate";"1";"Der-Asiate";"german"
"176";"375406";"Der Wolf";"1";"Der-Wolf";"german"
"177";"1217777";"Destroy Degenhardt";"1";"Destroy-Degenhardt";"german"
"178";NA;"Dexter";"0";"Dexter";"NA"
"179";NA;"D Flame";"0";"D-Flame";"NA"
"180";"574502";"D Irie";"1";"D-Irie";"german"
"181";"26604";"Disarstar";"1";"Disarstar";"german"
"182";NA;"Dissy";"0";"Dissy";"NA"
"183";"182191";"Dissziplin";"1";"Dissziplin";"german"
"184";"37177";"DJ Desue";"1";"DJ-Desue";"german"
"185";"38771";"DJ Dynamite";"1";"DJ-Dynamite";"scots"
"186";"16194";"Dynamite Deluxe";"1";"Dynamite-Deluxe";"german"
"187";NA;"DJ Ilan";"0";"DJ-Ilan";"NA"
"188";"95978";"DJ Koze";"1";"DJ-Koze";"english"
"189";"37917";"Fischmob";"1";"Fischmob";"german"
"190";"15283";"Marius No.1";"1";"Marius-No.1";"german"
"191";NA;"DJ Mike MD";"0";"DJ-Mike-MD";"NA"
"192";"13610";"Advanced Chemistry";"1";"Advanced-Chemistry";"keine_erfolgreiche_stichprobe"
"193";NA;"DJ Mirko Machine";"0";"DJ-Mirko-Machine";"NA"
"194";NA;"DJ MK 1";"0";"DJ-MK-1";"NA"
"195";"13281";"Beatfabrik";"1";"Beatfabrik";"german"
"196";"647401";"DJ Polique";"1";"DJ-Polique";"scots"
"197";"209721";"Follow Your Instinct (Freestyle)";"2";"Follow-Your-Instinct";"english"
"198";"391541";"Follow Your Instinct";"2";"Follow-Your-Instinct";"scots"
"199";"910346";"Corus 86 & DJ Reckless";"1";"DJ-Reckless";"german"
"200";"122403";"DJ Smoove";"1";"DJ-Smoove";"german"
"201";"44980";"DJ Stylewarz";"1";"DJ-Stylewarz";"keine_erfolgreiche_stichprobe"
"202";NA;"No Remorze";"0";"No-Remorze";"NA"
"203";"480443";"DJ Thomilla";"1";"DJ-Thomilla";"english"
"204";NA;"Kolchose";"0";"Kolchose";"NA"
"205";"383431";"Turntablerocker";"1";"Turntablerocker";"german"
"206";"5413";"DJ Tomekk";"1";"DJ-Tomekk";"german"
"207";NA;"Djorkaeff";"0";"Djorkaeff";"NA"
"208";NA;"Doppel U";"0";"Doppel-U";"NA"
"209";NA;"Dra Q";"0";"Dra-Q";"NA"
"210";"19714";"Dr. Knarf";"1";"Dr.-Knarf";"german"
"211";"29157";"Dú Maroc";"2";"Dú-Maroc";"german"
"212";"39085";"SadiQ & Dú Maroc";"2";"Dú-Maroc";"german"
"213";"331277";"Ebow";"1";"Ebow";"german"
"214";"21929";"Edgar Wasser";"3";"Edgar-Wasser";"german"
"215";"576145";"Mine & Edgar Wasser";"3";"Edgar-Wasser";"german"
"216";"61926";"Fatoni & Edgar Wasser";"3";"Edgar-Wasser";"german"
"217";NA;"Edward Sizzerhand";"0";"Edward-Sizzerhand";"NA"
"218";NA;"Square One";"0";"Square-One";"NA"
"219";"12455";"Eko Fresh";"1";"Eko-Fresh";"german"
"220";"289481";"Elmo & Patsy";"2";"Elmo";"english"
"221";"18700";"Elmo";"2";"Elmo";"german"
"222";"361046";"Eno";"1";"Eno";"german"
"223";NA;"Wiesbaden";"0";"Wiesbaden";"NA"
"224";"190989";"EnteTainment";"1";"EnteTainment";"german"
"225";"12621";"Ercandize";"1";"Ercandize";"german"
"226";NA;"ÉSMaticx";"0";"ÉSMaticx";"NA"
"227";NA;"Attendorn";"0";"Attendorn";"NA"
"228";NA;"EstA";"0";"EstA";"NA"
"229";"559734";"Estikay";"1";"Estikay";"german"
"230";"663984";"Eunique";"1";"Eunique";"german"
"231";NA;"Fader Gladiator";"0";"Fader-Gladiator";"NA"
"232";"18832";"Die Firma";"1";"Die-Firma";"german"
"233";NA;"Falk Schacht";"0";"Falk-Schacht";"NA"
"234";"12074";"Fard";"1";"Fard";"german"
"235";NA;"Fargo";"0";"Fargo";"NA"
"236";NA;"The Love Bülow";"0";"The-Love-Bülow";"NA"
"237";"14435";"Kollegah & Farid Bang";"2";"Farid-Bang";"german"
"238";"12076";"Farid Bang";"2";"Farid-Bang";"german"
"239";NA;"Fatal";"0";"Fatal";"NA"
"240";"576982";"Fatoni & Dexter";"3";"Fatoni";"german"
"241";"1203878";"Mine & Fatoni";"3";"Fatoni";"german"
"242";"26316";"Fatoni";"3";"Fatoni";"german"
"243";"380501";"Creme Fresh";"1";"Creme-Fresh";"german"
"244";NA;"Favorite";"0";"Favorite";"NA"
"245";"1687125";"Fero47";"1";"Fero47";"german"
"246";NA;"Freaks Association Bremen";"0";"Freaks-Association-Bremen";"NA"
"247";"44606";"Fiva";"2";"Fiva";"german"
"248";"1012826";"Fiva & JRBB";"2";"Fiva";"german"
"249";NA;"FlowinImmO";"0";"FlowinImmO";"NA"
"250";"12840";"Fler";"2";"Fler";"german"
"251";"1043077";"Fler & Jalil";"2";"Fler";"german"
"252";"1316109";"Fousy";"1";"Fousy";"german"
"253";"12204";"Fabian Römer";"1";"Fabian-Römer";"german"
"254";"12623";"Franky Kubrick";"1";"Franky-Kubrick";"german"
"255";"12887";"Frauenarzt";"2";"Frauenarzt";"german"
"256";"1108462";"Frauenarzt & Taktlo$$";"2";"Frauenarzt";"german"
"257";NA;"Michael Galla";"0";"Michael-Galla";"NA"
"258";NA;"Ruhrpott AG";"0";"Ruhrpott-AG";"NA"
"259";"56031";"Gary Washington";"1";"Gary-Washington";"german"
"260";NA;"Gee Futuristic";"0";"Gee-Futuristic";"NA"
"261";NA;"Germ";"0";"Germ";"NA"
"262";NA;"G Hot";"0";"G-Hot";"NA"
"263";"727";"Nikki Giovanni";"2";"Gio";"english"
"264";"1463201";"Frah Quintale & Giorgio Poi";"2";"Gio";"italian"
"265";"28827";"Goldroger";"1";"Goldroger";"german"
"266";"208634";"Gozpel";"1";"Gozpel";"german"
"267";"334195";"GPC";"2";"GPC";"keine_erfolgreiche_stichprobe"
"268";"1633918";"KDM Shey, GPC & Donvtello";"2";"GPC";"keine_erfolgreiche_stichprobe"
"269";"25371";"Greckoe";"4";"Greckoe";"german"
"270";"1400713";"Alpa Gun, Greckoe, Fuhrman, Bendt & Grüne Medizin";"4";"Greckoe";"german"
"271";"197429";"Grüne Medizin & Greckoe";"4";"Greckoe";"german"
"272";"1703664";"Alpa Gun, Greckoe & Freddy Cool";"4";"Greckoe";"german"
"273";"35472";"GReeeN";"1";"GReeeN";"german"
"274";"46152";"Grim104";"1";"Grim104";"german"
"275";"1207247";"Gringo";"2";"Gringo";"german"
"276";"1142872";"Hasan.K & Gringo";"2";"Gringo";"german"
"277";"18534";"Gzuz";"2";"Gzuz";"german"
"278";"322245";"Gzuz & Bonez MC";"2";"Gzuz";"german"
"279";NA;"Haben";"0";"Haben";"NA"
"280";"12452";"Haftbefehl";"1";"Haftbefehl";"german"
"281";"621117";"Haiyti";"2";"Haiyti";"german"
"282";"1072518";"Haiyti & KitschKrieg";"2";"Haiyti";"german"
"283";"13366";"Hakan Abi";"1";"Hakan-Abi";"german"
"284";"38977";"Hamad 45";"1";"Hamad-45";"german"
"285";NA;"Hannes Loh";"0";"Hannes-Loh";"NA"
"286";"76287";"Anarchist Academy";"1";"Anarchist-Academy";"german"
"287";"25929";"Hanybal";"1";"Hanybal";"german"
"288";"2069";"Calvin Harris";"3";"Harris";"scots"
"289";"1425396";"Calvin Harris & Dua Lipa";"3";"Harris";"keine_erfolgreiche_stichprobe"
"290";"1553003";"Calvin Harris & Sam Smith";"3";"Harris";"english"
"291";NA;"Deine Lieblings Rapper";"0";"Deine-Lieblings-Rapper";"NA"
"292";"234304";"Franz Hartmann";"2";"Hartmann";"english"
"293";"135804";"Hartmann";"2";"Hartmann";"english"
"294";"1142872";"Hasan.K & Gringo";"1";"Hasan.K";"german"
"295";"1072497";"Haszcara";"1";"Haszcara";"german"
"296";"13756";"Angel Haze";"2";"Haze";"scots"
"297";"994903";"André Hazes Jr.";"2";"Haze";"middle_frisian"
"298";"19392";"Herzog";"1";"Herzog";"german"
"299";"228615";"JAW & Hollywood Hank";"3";"Hollywood-Hank";"german"
"300";"13393";"Hollywood Hank";"3";"Hollywood-Hank";"german"
"301";"15637";"Favorite & Hollywood Hank";"3";"Hollywood-Hank";"german"
"302";"634092";"Hubert Daviz & Retrogott";"2";"Hubert-Daviz";"german"
"303";"38828";"Hubert Daviz";"2";"Hubert-Daviz";"keine_erfolgreiche_stichprobe"
"304";"206469";"Hustensaft Jüngling";"1";"Hustensaft-Jüngling";"keine_erfolgreiche_stichprobe"
"305";NA;"Illmatic";"0";"Illmatic";"NA"
"306";"1387";"Illogic";"1";"Illo";"english"
"307";NA;"Italo Reno";"0";"Italo-Reno";"NA"
"308";NA;"Italo Reno & Germany";"0";"Italo-Reno-&-Germany";"NA"
"309";"161905";"Jack Orsen";"1";"Jack-Orsen";"german"
"310";"1043077";"Fler & Jalil";"2";"Jalil";"german"
"311";"396887";"Jalil";"2";"Jalil";"german"
"312";NA;"Jambeatz";"0";"Jambeatz";"NA"
"313";"12512";"Jan Delay";"1";"Jan-Delay";"german"
"314";NA;"La Boom";"0";"La-Boom";"NA"
"315";"208296";"JankOne";"1";"JankOne";"german"
"316";"25924";"Majoe & Jasko";"2";"Jasko";"german"
"317";"139446";"Jasko";"2";"Jasko";"german"
"318";"25924";"Majoe & Jasko";"1";"Majoe-&-Jasko";"german"
"319";NA;"JAW";"0";"JAW";"NA"
"320";"18384";"JayJay (UK)";"1";"JayJay";"english"
"321";"23136";"Jaysus";"1";"Jaysus";"keine_erfolgreiche_stichprobe"
"322";"1198742";"Jazn & Hadi28";"1";"Jazn";"german"
"323";"348422";"DJ Jazzy Jeff & The Fresh Prince";"2";"Jazzy";"english"
"324";"13956";"Jazzy Bazz";"2";"Jazzy";"french"
"325";"86595";"Tic Tac Toe";"1";"Tic-Tac-Toe";"german"
"326";"16101";"Jephza";"1";"Jephza";"german"
"327";"12486";"Jeyz";"1";"Jeyz";"german"
"328";"1223387";"Jigzaw";"2";"Jigzaw";"german"
"329";"1662367";"Brudi030 & Jigzaw & Gent";"2";"Jigzaw";"german"
"330";NA;"J Luv";"0";"J-Luv";"NA"
"331";"480733";"Hagen Stoll";"1";"Hagen-Stoll";"german"
"332";"36183";"Haudegen";"1";"Haudegen";"keine_erfolgreiche_stichprobe"
"333";"33084";"Johnny Mauser & Captain Gips";"2";"Johnny-Mauser";"keine_erfolgreiche_stichprobe"
"334";"49512";"Johnny Mauser";"2";"Johnny-Mauser";"german"
"335";"33083";"Neonschwarz";"1";"Neonschwarz";"german"
"336";NA;"JokA";"0";"JokA";"NA"
"337";"12857";"Samson Jones";"1";"Samson-Jones";"keine_erfolgreiche_stichprobe"
"338";"8495";"Joy Denalane";"1";"Joy-Denalane";"english"
"339";NA;"Joznez";"0";"Joznez";"NA"
"340";NA;"J. S. Kuster";"0";"J.-S.-Kuster";"NA"
"341";"2463";"Snowgoons";"1";"Snowgoons";"english"
"342";"625070";"Juju";"3";"Juju";"german"
"343";"625077";"Juju & Said";"3";"Juju";"german"
"344";"1478870";"Juju (Suomi)";"3";"Juju";"finnish"
"345";"613358";"SXTN";"1";"SXTN";"german"
"346";"228859";"John Webber & Juri";"2";"Juri";"english"
"347";"22148";"Juri";"2";"Juri";"german"
"348";"91048";"Juse Ju";"1";"Juse-Ju";"german"
"349";NA;"Justus";"0";"Justus";"NA"
"350";"388240";"Juvelen";"1";"Juvel";"english"
"351";"12629";"Kaas";"4";"Kaas";"german"
"352";"551496";"Kaascouse -Zonamo Underground";"4";"Kaas";"dutch"
"353";"530911";"Kaascouse";"4";"Kaas";"dutch"
"354";"1651322";"Kaash Paige";"4";"Kaas";"scots"
"355";"12217";"Die Orsons";"1";"Die-Orsons";"german"
"356";"323967";"Kaisa";"2";"Kaisa";"german"
"357";"278701";"Basstard & Kaisa";"2";"Kaisa";"german"
"358";NA;"Kalim";"0";"Kalim";"NA"
"359";"13053";"Kalusha";"2";"Kalusha";"keine_erfolgreiche_stichprobe"
"360";"32161";"Said, Greeny, Kalusha & Ufo361";"2";"Kalusha";"german"
"361";NA;"Kami Manns";"0";"Kami-Manns";"NA"
"362";"385690";"Basis";"1";"Basis";"german"
"363";"81779";"Karate Andi";"1";"Karate-Andi";"german"
"364";"62845";"Kayef";"2";"Kayef";"german"
"365";"41444";"Kayef & Liont";"2";"Kayef";"german"
"366";"14238";"Kay One";"1";"Kay-One";"german"
"367";"20442";"KC Rebell";"2";"KC-Rebell";"german"
"368";"1118217";"KC Rebell & Summer Cem";"2";"KC-Rebell";"german"
"369";NA;"KD Beatz";"0";"KD-Beatz";"NA"
"370";NA;"KD Supier";"0";"KD-Supier";"NA"
"371";NA;"Keyza Soze";"0";"Keyza-Soze";"NA"
"372";"94917";"Kex Kuhl";"2";"Kex-Kuhl";"german"
"373";"120455";"Cashisclay vs Kex Kuhl";"2";"Kex-Kuhl";"german"
"374";NA;"K Fly";"0";"K-Fly";"NA"
"375";"20892";"Killa Hakan";"1";"Killa-Hakan";"german"
"376";"1527628";"Islamic Force";"1";"Islamic-Force";"turkish"
"377";"208270";"PA Sports & Kianush";"2";"Kianush";"german"
"378";"50299";"Kianush";"2";"Kianush";"german"
"379";NA;"King Eazy";"0";"King-Eazy";"NA"
"380";"209826";"King Khalil";"1";"King-Khalil";"german"
"381";"13055";"King Orgasmus One";"1";"King-Orgasmus-One";"german"
"382";"19249";"Kitty Kat";"1";"Kitty-Kat";"german"
"383";"385198";"Kodimey";"1";"Kodimey";"german"
"384";"12077";"Kollegah";"2";"Kollegah";"german"
"385";"14435";"Kollegah & Farid Bang";"2";"Kollegah";"german"
"386";"46636";"Selfmade Records";"1";"Selfmade-Records";"german"
"387";NA;"Boris Lauterbach";"0";"Boris-Lauterbach";"NA"
"388";"12800";"Fettes Brot";"1";"Fettes-Brot";"german"
"389";"400794";"König Quasi";"1";"König-Quasi";"german"
"390";"31792";"Kontra K";"1";"Kontra-K";"german"
"391";"11830";"Kool Savas";"1";"Kool-Savas";"german"
"392";"45288";"Westberlin Maskulin";"1";"Westberlin-Maskulin";"german"
"393";"23815";"Xavas";"1";"Xavas";"german"
"394";"210362";"Koree";"1";"Koree";"german"
"395";"20337";"Kurdo";"1";"Kurdo";"german"
"396";"12841";"Laas Unltd.";"1";"Laas-Unltd.";"german"
"397";NA;"Reyhan Sahin";"0";"Reyhan-Sahin";"NA"
"398";"50453";"Lakmann One";"1";"Lakmann-One";"german"
"399";"31128";"Creutzfeld & Jakob";"1";"Creutzfeld-&-Jakob";"german"
"400";"21464";"Lance Butters";"1";"Lance-Butters";"german"
"401";NA;"Later";"0";"Later";"NA"
"402";NA;"Johann Christof Laubisch";"0";"Johann-Christof-Laubisch";"NA"
"403";"173669";"Lemur";"2";"Lemur";"german"
"404";"60895";"Lemuria";"2";"Lemur";"english"
"405";"13717";"Herr von Grau";"1";"Herr-von-Grau";"german"
"406";"655843";"Lena Stoehrfaktor";"1";"Lena-Stoehrfaktor";"german"
"407";"511581";"Leon Machère";"1";"Leon-Machère";"german"
"408";"1215066";"LGoony, Soufian & Crack Ignaz";"3";"LGoony";"german"
"409";"230721";"LGoony";"3";"LGoony";"german"
"410";"632005";"LGoony & Crack Ignaz";"3";"LGoony";"german"
"411";NA;"Lia 74";"0";"Lia-74";"NA"
"412";"1341161";"Lil Lano";"2";"Lil-Lano";"german"
"413";"1540993";"Lil Lano & Trippie Boi";"2";"Lil-Lano";"german"
"414";NA;"Lil’O";"0";"Lil’O";"NA"
"415";"648895";"Lisiena";"3";"Lisi";"english"
"416";"669825";"Jan Lisiecki";"3";"Lisi";"keine_erfolgreiche_stichprobe"
"417";"581134";"Lisie Pieklo";"3";"Lisi";"polish"
"418";"127606";"Luciano";"2";"Luciano";"german"
"419";"1018885";"Luciano & Nikky Santoro";"2";"Luciano";"german"
"420";NA;"Lucry";"0";"Lucry";"NA"
"421";NA;"Egoland";"0";"Egoland";"NA"
"422";"37216";"Lumaraa";"2";"Lumaraa";"german"
"423";"1675322";"Der Asiate & Lumaraa";"2";"Lumaraa";"german"
"424";NA;"Lukas Eichhammer";"0";"Lukas-Eichhammer";"NA"
"425";"331386";"LX & Maxwell";"2";"LX";"german"
"426";"21141";"LX";"2";"LX";"german"
"427";"13052";"Mach One";"1";"Mach-One";"german"
"428";"64875";"Mad Maks";"1";"Mad-Maks";"german"
"429";NA;"Mädness";"0";"Mädness";"NA"
"430";"12216";"Maeckes";"1";"Maeckes";"german"
"431";NA;"Maeckes & Plan B";"0";"Maeckes-&-Plan-B";"NA"
"432";"17456";"Majoe";"3";"Majoe";"german"
"433";"226997";"Kollegah & Majoe";"3";"Majoe";"german"
"434";"25924";"Majoe & Jasko";"3";"Majoe";"german"
"435";"335715";"Manny Marc & Blokkmonsta";"3";"Manny-Marc";"german"
"436";"271452";"Frauenarzt & Manny Marc";"3";"Manny-Marc";"german"
"437";"43490";"Manny Marc";"3";"Manny-Marc";"german"
"438";"17826";"Manuellsen";"1";"Manuellsen";"keine_erfolgreiche_stichprobe"
"439";NA;"Marc Hype";"0";"Marc-Hype";"NA"
"440";"12463";"Marteria";"1";"Marteria";"german"
"441";"8823";"Massive Attack";"2";"Massiv";"english"
"442";"12885";"Massiv";"2";"Massiv";"german"
"443";"204982";"Culcha Candela";"1";"Culcha-Candela";"german"
"444";"506810";"Mauli";"1";"Mauli";"german"
"445";"12776";"Max Herre";"1";"Max-Herre";"german"
"446";"20970";"Freundeskreis";"1";"Freundeskreis";"scots"
"447";NA;"Attila Murat Aydin";"0";"Attila-Murat-Aydin";"NA"
"448";NA;"Maxwell";"0";"Maxwell";"NA"
"449";NA;"MC Basstard";"0";"MC-Basstard";"NA"
"450";"1019934";"MC Bilal";"1";"MC-Bilal";"german"
"451";"35295";"MC Bogy";"1";"MC-Bogy";"german"
"452";"34398";"MC Fitti";"1";"MC-Fitti";"german"
"453";"131146";"MC Rene und Carl Crinx";"2";"MC-Rene";"german"
"454";"13294";"MC Rene";"2";"MC-Rene";"german"
"455";NA;"MC Spontan";"0";"MC-Spontan";"NA"
"456";"12396";"Megaloh";"2";"Megaloh";"german"
"457";"1071948";"Megaloh, Trettmann & KitschKrieg";"2";"Megaloh";"german"
"458";"8147";"Melbeatz";"1";"Melbeatz";"scots"
"459";"331422";"Petite Meller";"1";"Meller";"scots"
"460";"383156";"Mellow Mark";"1";"Mellow-Mark";"german"
"461";"1536959";"Sero el Mero";"2";"Mero";"german"
"462";"1279135";"Meron & Donyanah";"2";"Mero";"scots"
"463";"1108252";"Alice Merton";"2";"Mert";"scots"
"464";"81663";"Mert";"2";"Mert";"german"
"465";"20541";"Metrickz";"1";"Metrickz";"german"
"466";"246658";"Meyah Don";"1";"Meyah-Don";"german"
"467";"999739";"Miami Yacine";"2";"Miami-Yacine";"german"
"468";"1050674";"Zuna & Miami Yacine";"2";"Miami-Yacine";"catalan"
"469";NA;"Michael Beck";"0";"Michael-Beck";"NA"
"470";"21467";"Die Fantastischen Vier";"1";"Die-Fantastischen-Vier";"german"
"471";NA;"Mike Adler";"0";"Mike-Adler";"NA"
"472";"61518";"M.I.K.I.";"1";"M.I.K.I";"keine_erfolgreiche_stichprobe"
"473";"31522";"Milonair";"1";"Milonair";"german"
"474";NA;"Missyna";"0";"Missyna";"NA"
"475";NA;"Mizbeatz";"0";"Mizbeatz";"NA"
"476";"1033739";"M.O.030";"1";"M.O.030";"german"
"477";"12609";"Moe Mitchell";"2";"Moe-Mitchell";"german"
"478";"1663741";"Ercandize & Moe Mitchell";"2";"Moe-Mitchell";"german"
"479";NA;"MOK";"0";"MOK";"NA"
"480";"1949";"Marilyn Monroe";"1";"Monroe";"english"
"481";NA;"MontanaMax";"0";"MontanaMax";"NA"
"482";"187462";"Mopz Wanted";"1";"Mopz-Wanted";"german"
"483";"53233";"Hiob & Morlockk Dilemma";"3";"Morlockk-Dilemma";"german"
"484";"1045965";"Brenk Sinatra & Morlockk Dilemma";"3";"Morlockk-Dilemma";"german"
"485";"18144";"Morlockk Dilemma";"3";"Morlockk-Dilemma";"german"
"486";"1016726";"Mortel";"2";"Mortel";"german"
"487";"1190702";"Marlo Mortel & Janella Salvador";"2";"Mortel";"tagalog"
"488";"357663";"Saltatio Mortis";"2";"Mortis";"german"
"489";"83202";"Mortis";"2";"Mortis";"german"
"490";"932959";"Mosenu";"1";"Mosenu";"german"
"491";"31306";"Moses Pelham";"1";"Moses-Pelham";"german"
"492";"23620";"Rödelheim Hartreim Projekt";"1";"Rödelheim-Hartreim-Projekt";"german"
"493";"29160";"Mosh36";"1";"Mosh36";"german"
"494";NA;"Mo Torres";"0";"Mo-Torres";"NA"
"495";"12620";"MoTrip";"1";"MoTrip";"german"
"496";"271455";"Frauenarzt & Mr. Long";"1";"Mr.-Long";"german"
"497";"14093";"Mr. Schnabel";"1";"Mr.-Schnabel";"german"
"498";"653262";"Mundhaarmonika";"1";"Mundhaarmonika";"german"
"499";NA;"Nana Abrokwa";"0";"Nana-Abrokwa";"NA"
"500";"12305";"Nate57";"1";"Nate57";"german"
"501";"1314512";"Negrow";"2";"Negrow";"german"
"502";"571961";"Negrow (Brasil)";"2";"Negrow";"portuguese"
"503";"671913";"Neo Unleashed";"1";"Neo-Unleashed";"german"
"504";NA;"Nesti";"0";"Nesti";"NA"
"505";"1657552";"Nicone (Rapper)";"1";"Nicone";"keine_erfolgreiche_stichprobe"
"506";"12811";"Nico Suave";"1";"Nico-Suave";"german"
"507";NA;"Nikoma";"0";"Nikoma";"NA"
"508";"68232";"Nimo";"2";"Nimo";"german"
"509";"1602083";"Nimo & Capo";"2";"Nimo";"german"
"510";"42897";"NMZS & Danger Dan";"3";"NMZS";"german"
"511";"24784";"Panik, Koljah & NMZS";"3";"NMZS";"german"
"512";"45348";"NMZS";"3";"NMZS";"german"
"513";"2471";"Nneka";"1";"Nneka";"english"
"514";"1037433";"Nura";"6";"Nura";"keine_erfolgreiche_stichprobe"
"515";"1602310";"Remoe & Nura";"6";"Nura";"german"
"516";"1693198";"Nura & Remoe";"6";"Nura";"german"
"517";"1295064";"Nura & AchtVier";"6";"Nura";"german"
"518";"368327";"Nural";"6";"Nura";"english"
"519";"17034";"Abu Nurah";"6";"Nura";"english"
"520";NA;"The toten Crackhuren im Kofferraum";"0";"The-toten-Crackhuren-im-Kofferraum";"NA"
"521";"68305";"Nyze";"3";"Nyze";"german"
"522";"322843";"Nyze, Kay One & Bushido";"3";"Nyze";"german"
"523";"322846";"Nyze & Chakuza";"3";"Nyze";"german"
"524";NA;"O Jay";"0";"O-Jay";"NA"
"525";"354241";"Real McCoy";"1";"Real-McCoy";"scots"
"526";"30628";"Olexesh";"1";"Olexesh";"german"
"527";"11839";"Olli Banjo";"1";"Olli-Banjo";"german"
"528";"15685";"Olson";"1";"Olson";"german"
"529";NA;"Omik K.";"0";"Omik-K.";"NA"
"530";NA;"Onkel Zwieback";"0";"Onkel-Zwieback";"NA"
"531";NA;"Ono Ngcala";"0";"Ono-Ngcala";"NA"
"532";NA;"Ozan Aksu";"0";"Ozan-Aksu";"NA"
"533";"12446";"Pal One";"1";"Pal-One";"german"
"534";"18331";"PA Sports";"2";"PA-Sports";"german"
"535";"208270";"PA Sports & Kianush";"2";"PA-Sports";"german"
"536";NA;"Pat Cash";"0";"Pat-Cash";"NA"
"537";NA;"Paul NZA";"0";"Paul-NZA";"NA"
"538";"79254";"Pedaz";"1";"Pedaz";"german"
"539";"114097";"Perverz (MC)";"3";"Perverz";"german"
"540";"653488";"Blokkmonsta, Uzi, Schwartz, Perverz & Rako";"3";"Perverz";"german"
"541";"1046884";"Blokkmonsta, Uzi & Perverz";"3";"Perverz";"german"
"542";"852";"Peter Fox";"1";"Peter-Fox";"german"
"543";"14217";"Seeed";"1";"Seeed";"german"
"544";NA;"Fast Forward";"0";"Fast-Forward";"NA"
"545";NA;"Philipp Grütering";"0";"Philipp-Grütering";"NA"
"546";"377266";"Phillie MC";"1";"Phillie-MC";"german"
"547";"38472";"Pilz";"1";"Pilz";"keine_erfolgreiche_stichprobe"
"548";"37910";"Pillath";"2";"Pillath";"keine_erfolgreiche_stichprobe"
"549";"38870";"Snaga & Pillath";"2";"Pillath";"german"
"550";"38870";"Snaga & Pillath";"1";"Snaga-&-Pillath";"german"
"551";"24801";"Pimf";"1";"Pimf";"german"
"552";"265043";"Pitvalid & Emfiz";"3";"Pitvalid";"german"
"553";"335089";"Pitvalid & JAW";"3";"Pitvalid";"german"
"554";"193685";"Pitvalid";"3";"Pitvalid";"german"
"555";"150119";"Plattenpapzt";"1";"Plattenpapzt";"german"
"556";NA;"Fresh Familee";"0";"Fresh-Familee";"NA"
"557";"401276";"Play69";"1";"Play69";"german"
"558";"319951";"Playboy 51";"1";"Playboy-51";"german"
"559";"257962";"Plusmacher";"1";"Plusmacher";"german"
"560";"1177142";"Medimeisterschaften Magdeburg";"1";"Magdeburg";"german"
"561";"16099";"Prezident";"1";"Prezident";"german"
"562";"12011";"Prinz Pi";"1";"Prinz-Pi";"german"
"563";NA;"P.R. Kantate";"0";"P.R.-Kantate";"NA"
"564";"37944";"Prodycem";"1";"Prodycem";"german"
"565";"29208";"Psaiko.Dino";"1";"Psaiko.Dino";"german"
"566";"23079";"Punch Arogunz";"1";"Punch-Arogunz";"german"
"567";"36461";"Pyranja";"1";"Pyranja";"german"
"568";"63708";"Pyro One";"1";"Pyro-One";"german"
"569";NA;"Quichotte";"0";"Quichotte";"NA"
"570";"978712";"Bonez MC & RAF Camora";"2";"RAF-Camora";"german"
"571";"12767";"RAF Camora";"2";"RAF-Camora";"german"
"572";"653488";"Blokkmonsta, Uzi, Schwartz, Perverz & Rako";"4";"Rako";"german"
"573";"24530";"Rako";"4";"Rako";"german"
"574";"1272866";"4tune & Der Asiate ft. Blokkmonsta & Rako";"4";"Rako";"german"
"575";"1119341";"Rakontyr Clique";"4";"Rako";"english"
"576";"9959";"Raptile";"1";"Raptile";"keine_erfolgreiche_stichprobe"
"577";NA;"Rec Z";"0";"Rec-Z";"NA"
"578";"1012598";"A-Reece";"2";"Reece";"keine_erfolgreiche_stichprobe"
"579";"36562";"Uncle Reece";"2";"Reece";"scots"
"580";"64332";"Reflectionz";"1";"Reflectionz";"english"
"581";"1155260";"Revilo Marley";"1";"Revilo";"keine_erfolgreiche_stichprobe"
"582";"34133";"Rhymin Simon";"1";"Rhymin-Simon";"german"
"583";"51819";"RIN";"1";"RIN";"german"
"584";"37485";"Rizbo";"1";"Rizbo";"portuguese"
"585";NA;"Roman Geike";"0";"Roman-Geike";"NA"
"586";"14534";"Rockstah";"1";"Rockstah";"german"
"587";NA;"Roulette";"0";"Roulette";"NA"
"588";"215440";"Absztrakkt & Roey Marquis II.";"3";"Roey-Marquis-II.";"german"
"589";"36527";"Roey Marquis II.";"3";"Roey-Marquis-II.";"german"
"590";"1045308";"X-Men Klan & Roey Marquis II.";"3";"Roey-Marquis-II.";"keine_erfolgreiche_stichprobe"
"591";NA;"Roger Rekless";"0";"Roger-Rekless";"NA"
"592";NA;"Capones";"0";"Capones";"NA"
"593";"35296";"Sa4";"2";"Sa4";"german"
"594";"1603107";"GRiNGO & Sa4 & Brudi030";"2";"Sa4";"german"
"595";"368908";"Sabrina Setlur";"1";"Sabrina-Setlur";"german"
"596";"64177";"Sadi Gent";"1";"Sadi-Gent";"german"
"597";"14785";"SadiQ";"2";"SadiQ";"german"
"598";"39085";"SadiQ & Dú Maroc";"2";"SadiQ";"german"
"599";NA;"Sady K";"0";"Sady-K";"NA"
"600";NA;"Said";"0";"Said";"NA"
"601";"633616";"Jom & Said";"1";"Jom-&-Said";"german"
"602";"11959";"Samy Deluxe";"1";"Samy-Deluxe";"german"
"603";"68627";"Sandy Solo";"1";"Sandy-Solo";"german"
"604";NA;"Scarabeuz";"0";"Scarabeuz";"NA"
"605";"325329";"Scenzah";"1";"Scenzah";"german"
"606";"158553";"Stephen Schwartz";"2";"Schwartz";"english"
"607";"69587";"Zachary Schwartz";"2";"Schwartz";"keine_erfolgreiche_stichprobe"
"608";"23075";"Schwesta Ewa";"1";"Schwesta-Ewa";"german"
"609";"12818";"ScopeY";"1";"Scope";"english"
"610";NA;"Screwaholic";"0";"Screwaholic";"NA"
"611";"329076";"Blokkmonsta, Uzi & SDBY";"1";"SDBY";"german"
"612";"19129";"Sentino";"3";"Sentino";"german"
"613";"1144723";"Sentino x Malik Montana";"3";"Sentino";"polish"
"614";"652706";"Diho x Malik Montana x Sentino";"3";"Sentino";"polish"
"615";"144206";"Sepalot";"1";"Sepalot";"manx"
"616";"1189";"Blumentopf";"1";"Blumentopf";"german"
"617";NA;"Separate";"0";"Separate";"NA"
"618";"54565";"Sera Finale";"1";"Sera-Finale";"german"
"619";NA;"Serdar Thenk Yildiz";"0";"Serdar-Thenk-Yildiz";"NA"
"620";"1199190";"Serkan & Eren";"2";"Serk";"indonesian"
"621";"43495";"Serk";"2";"Serk";"scots"
"622";"1536959";"Sero el Mero";"2";"Sero";"german"
"623";"22996";"Sero";"2";"Sero";"german"
"624";NA;"Sha Karl";"0";"Sha-Karl";"NA"
"625";NA;"She MC";"0";"She-MC";"NA"
"626";NA;"Süchteln";"0";"Süchteln";"NA"
"627";"198063";"Montana Max & Shiml";"3";"Shiml";"german"
"628";"1733226";"JokA, Montana Max & Shiml";"3";"Shiml";"german"
"629";"24169";"Shiml";"3";"Shiml";"german"
"630";"33962";"ShimmyMC";"1";"ShimmyMC";"german"
"631";"25370";"Shizoe";"1";"Shizoe";"german"
"632";"27721";"Shuko";"1";"Shuko";"keine_erfolgreiche_stichprobe"
"633";"1005817";"Siamak Abbasi";"2";"Siamak";"portuguese"
"634";"1005816";"Siamak Abbasi & Amirabbas Golab";"2";"Siamak";"swahili"
"635";"12073";"Sido";"2";"Sido";"german"
"636";"1172705";"Savas & Sido";"2";"Sido";"german"
"637";"13434";"Silla";"2";"Silla";"german"
"638";"18097";"Fler & Silla";"2";"Silla";"german"
"639";NA;"Sinan G";"0";"Sinan-G";"NA"
"640";"575824";"Kontra K & Skinny Al";"2";"Skinny-Al";"german"
"641";"68279";"Skinny Al";"2";"Skinny-Al";"german"
"642";"1446018";"Sleepwalker (Hamburg)";"2";"Sleepwalker";"german"
"643";"16310";"The Sleepwalkers";"2";"Sleepwalker";"keine_erfolgreiche_stichprobe"
"644";"1073378";"<U+0411><U+0430><U+0441><U+0442><U+0430> <U+0438> <U+0421><U+043C><U+043E><U+043A><U+0438> <U+041C><U+043E> (Basta & Smoky Mo)";"2";"Smoky";"german"
"645";"1274961";"<U+0421><U+043C><U+043E><U+043A><U+0438> <U+041C><U+043E> (Smoky Mo)";"2";"Smoky";"keine_erfolgreiche_stichprobe"
"646";NA;"Smudo";"0";"Smudo";"NA"
"647";"151916";"Fard & Snaga";"1";"Snaga";"german"
"648";"61352";"Sookee";"1";"Sookee";"german"
"649";"76849";"Spax";"2";"Spax";"german"
"650";"1448941";"Quando Spaxyz";"2";"Spax";"english"
"651";NA;"Spinning 9";"0";"Spinning-9";"NA"
"652";NA;"Spintec";"0";"Spintec";"NA"
"653";NA;"Spongebozz";"0";"Spongebozz";"NA"
"654";"25448";"Marc Reis";"1";"Marc-Reis";"german"
"655";"20482";"SSIO";"1";"SSIO";"german"
"656";"16472";"Sudden";"1";"Sudden";"german"
"657";NA;"Peter Stöcklin";"0";"Peter-Stöcklin";"NA"
"658";"115503";"Fleur Earth & Suff Daddy";"3";"Suff-Daddy";"german"
"659";"58544";"Suff Daddy";"3";"Suff-Daddy";"scots"
"660";"635326";"Suff Daddy, Rettrogott, Hulk Hodn; H.U.S.S";"3";"Suff-Daddy";"german"
"661";NA;"Sultan Tunc";"0";"Sultan-Tunc";"NA"
"662";"1118217";"KC Rebell & Summer Cem";"2";"Summer-Cem";"german"
"663";"12078";"Summer Cem";"2";"Summer-Cem";"german"
"664";"74714";"Sylabil Spill";"1";"Sylabil-Spill";"german"
"665";NA;"Tachiles";"0";"Tachiles";"NA"
"666";NA;"Tai Jason";"0";"Tai-Jason";"NA"
"667";"139333";"Taichi";"3";"Taichi";"keine_erfolgreiche_stichprobe"
"668";"1571739";"DaRen Taichi God";"3";"Taichi";"scots"
"669";"1653907";"Taichi ( Prod. Cormill )";"3";"Taichi";"english"
"670";"233124";"TaiMO";"1";"TaiMO";"german"
"671";"53314";"Takt32";"1";"Takt32";"german"
"672";"13767";"Taktloss";"1";"Taktloss";"german"
"673";"1572137";"DCVDNS & Tamas";"2";"Tamas";"german"
"674";"72452";"Tamas";"2";"Tamas";"german"
"675";"76243";"Tapete";"1";"Tapete";"german"
"676";"13672";"Tatwaffe";"1";"Tatwaffe";"german"
"677";NA;"Das Duale System";"0";"Das-Duale-System";"NA"
"678";"58156";"Teesy";"1";"Teesy";"german"
"679";"629768";"DJ Telly Tellz";"3";"Telly-Tellz";"scots"
"680";"35283";"Nate57 & Telly Tellz";"3";"Telly-Tellz";"german"
"681";"13173";"Telly Tellz";"3";"Telly-Tellz";"german"
"682";"989527";"Yung Stonoga, Janusz Tracz, Testoviron";"2";"Testo";"polish"
"683";"30991";"Testo";"2";"Testo";"german"
"684";"18803";"Zugezogen Maskulin";"1";"Zugezogen-Maskulin";"german"
"685";"16467";"Timeless";"1";"Timeless";"german"
"686";"23803";"Thomas Dolby";"1";"Thomas-D";"english"
"687";"361698";"Son Goku";"1";"Son-Goku";"german"
"688";NA;"Tobi Tobsen";"0";"Tobi-Tobsen";"NA"
"689";"357829";"Moonbootica";"1";"Moonbootica";"keine_erfolgreiche_stichprobe"
"690";"12886";"Timi Hendrix";"1";"Timi-Hendrix";"german"
"691";"16473";"Pimpulsiv";"1";"Pimpulsiv";"german"
"692";"52939";"The Wolfe Tones";"3";"Tone";"english"
"693";"532";"Tonedeff";"3";"Tone";"english"
"694";"2937";"Tone Loc";"3";"Tone";"english"
"695";"68323";"Konkret Finn";"1";"Konkret-Finn";"german"
"696";NA;"Toni Cottura";"0";"Toni-Cottura";"NA"
"697";"357637";"Fun Factory";"1";"Fun-Factory";"english"
"698";NA;"Toni L";"0";"Toni-L";"NA"
"699";NA;"Toni Tuklan";"0";"Toni-Tuklan";"NA"
"700";"8183";"Tony D";"3";"Tony-D";"german"
"701";"354553";"The Tony Danza Tapdance Extravaganza";"3";"Tony-D";"english"
"702";"363589";"Tony Dize";"3";"Tony-D";"keine_erfolgreiche_stichprobe"
"703";"58985";"Toony";"1";"Toony";"polish"
"704";"12735";"Torch";"2";"Torch";"german"
"705";"1401637";"Light The Torch";"2";"Torch";"english"
"706";NA;"Trooper Da Don";"0";"Trooper-Da-Don";"NA"
"707";NA;"Tropf";"0";"Tropf";"NA"
"708";"12045";"Tua";"2";"Tua";"german"
"709";"651104";"Tuantigabelas";"2";"Tua";"malay"
"710";NA;"Turgay K";"0";"Turgay-K";"NA"
"711";"473";"Ying Yang Twins";"5";"Twin";"english"
"712";"754623";"DJ Twin";"5";"Twin";"scots"
"713";"230800";"Mr Twin Sister";"5";"Twin";"english"
"714";"998397";"Twin Peaks (TV)";"5";"Twin";"english"
"715";"184460";"Twinsmatic";"5";"Twin";"english"
"716";"1270720";"Felix Palmqvist & ToWonder";"1";"T.Wonder";"english"
"717";"192744";"Ufo361";"1";"Ufo361";"german"
"718";NA;"Ünal Yüksel";"0";"Ünal-Yüksel";"NA"
"719";"27169";"Umse";"1";"Umse";"german"
"720";"217208";"Lil Uzi Vert";"1";"Uzi";"scots"
"721";"672904";"L.O.V.E. (Eko & Valezka)";"1";"Valezka";"german"
"722";"556414";"Vegas Jones";"3";"Vega";"italian"
"723";"1180693";"Dimitri Vegas & Like Mike vs David Guetta";"3";"Vega";"scots"
"724";"5446";"Mr. Vegas";"3";"Vega";"scots"
"725";"1316343";"Veysel & Mozzik";"2";"Veysel";"esperanto"
"726";"20847";"Veysel";"2";"Veysel";"german"
"727";"263888";"Visa Vie";"1";"Visa-Vie";"german"
"728";NA;"Vito Vendetta";"0";"Vito-Vendetta";"NA"
"729";NA;"Vokalmatador";"0";"Vokalmatador";"NA"
"730";NA;"Volkan T.";"0";"Volkan-T.";"NA"
"731";"269";"Vampire Weekend";"1";"Weekend";"scots"
"732";NA;"Woroc";"0";"Woroc";"NA"
"733";"16572";"Xatar";"1";"Xatar";"german"
"734";NA;"X plosive";"0";"X-plosive";"NA"
"735";"12501";"Yasha";"4";"Yasha";"german"
"736";"988940";"Yashar Gasanov";"4";"Yasha";"middle_frisian"
"737";"582085";"Yashar. G";"4";"Yasha";"english"
"738";"40400";"Yasha MC";"4";"Yasha";"german"
"739";"29943";"Audio88 & Yassin";"1";"Yassin";"german"
"740";"29943";"Audio88 & Yassin";"1";"Audio88-&-Yassin";"german"
"741";"568238";"Yassir";"2";"Yassir";"keine_erfolgreiche_stichprobe"
"742";"1037591";"Yassir Chediak";"2";"Yassir";"portuguese"
"743";NA;"Yannic Lippe";"0";"Yannic-Lippe";"NA"
"744";"1116189";"Zwangere Guy";"1";"Zwang";"middle_frisian"
"745";"19470";"257ers";"1";"257ers";"german"
"746";NA;"2ruff";"0";"2ruff";"NA"
"747";NA;"0816";"0";"0816";"NA"
"748";NA;"Äi Tiem";"0";"Äi-Tiem";"NA"
"749";"325615";"Aggro Grünwald";"1";"Aggro-Grünwald";"german"
"750";"633346";"AK Ausserkontrolle";"1";"AK-Ausserkontrolle";"german"
"751";"390816";"Am2pm";"1";"Am2pm";"english"
"752";NA;"A.M.T.";"0";"A.M.T.";"NA"
"753";"18774";"Automatikk";"1";"Automatikk";"german"
"754";NA;"Beathoavenz";"0";"Beathoavenz";"NA"
"755";"10165";"Xavier Naidoo";"1";"Xavier-Naidoo";"german"
"756";"1193714";"BSMG";"1";"BSMG";"english"
"757";"17085";"Cartel de Santa";"2";"Cartel";"spanish"
"758";"59765";"Cartel MC's";"2";"Cartel";"portuguese"
"759";NA;"Erci Ergün";"0";"Erci-Ergün";"NA"
"760";"165958";"Karakan";"1";"Karakan";"turkish"
"761";NA;"Da Crime Posse";"0";"Da-Crime-Posse";"NA"
"762";"19125";"Celo & Abdi";"1";"Celo-&-Abdi";"german"
"763";NA;"City Nord";"0";"City-Nord";"NA"
"764";"148754";"Creme de la Creme";"1";"Creme-de-la-Creme";"german"
"765";NA;"John Magiriba Lwanga";"0";"John-Magiriba-Lwanga";"NA"
"766";NA;"Dat Adam";"0";"Dat-Adam";"NA"
"767";"95380";"Deine Elstern";"1";"Deine-Elstern";"german"
"768";"56114";"Kobito";"2";"Kobito";"german"
"769";"459396";"Kobito & sookee";"2";"Kobito";"german"
"770";NA;"Deine Freunde";"0";"Deine-Freunde";"NA"
"771";NA;"DJ exel. Pauly";"0";"DJ-exel.-Pauly";"NA"
"772";NA;"Lukas Nimscheck";"0";"Lukas-Nimscheck";"NA"
"773";NA;"Der Fall Böse";"0";"Der-Fall-Böse";"NA"
"774";NA;"Die 3. Generation";"0";"Die-3.-Generation";"NA"
"775";"54976";"Die Atzen";"1";"Die-Atzen";"german"
"776";"72680";"Die Bandbreite";"1";"Die-Bandbreite";"german"
"777";NA;"Die Coolen Säue";"0";"Die-Coolen-Säue";"NA"
"778";NA;"Andreas Rieke";"0";"Andreas-Rieke";"NA"
"779";NA;"Die Glocken der Revolution";"0";"Die-Glocken-der-Revolution";"NA"
"780";"16471";"DNP";"2";"DNP";"german"
"781";"251594";"DNP & Sudden";"2";"DNP";"german"
"782";"18790";"Doppelkopf";"1";"Doppelkopf";"german"
"783";NA;"Down Low";"0";"Down-Low";"NA"
"784";NA;"Echorausch";"0";"Echorausch";"NA"
"785";NA;"DJ Rabauke";"0";"DJ-Rabauke";"NA"
"786";NA;"Einshoch6";"0";"Einshoch6";"NA"
"787";"191417";"Eljot Quent";"1";"Eljot-Quent";"german"
"788";NA;"Feinkost Paranoia";"0";"Feinkost-Paranoia";"NA"
"789";NA;"Fil da Elephant";"0";"Fil-da-Elephant";"NA"
"790";NA;"DJ Stachy";"0";"DJ-Stachy";"NA"
"791";NA;"Flexevil";"0";"Flexevil";"NA"
"792";NA;"Philippe A. Kayser";"0";"Philippe-A.-Kayser";"NA"
"793";NA;"Fruchtmax & Hugo Nameless";"0";"Fruchtmax-&-Hugo-Nameless";"NA"
"794";"15329";"Genetikk";"1";"Genetikk";"german"
"795";"616586";"Gloomy Boyz";"1";"Gloomy-Boyz";"german"
"796";NA;"Goofiesmackerz";"0";"Goofiesmackerz";"NA"
"797";"208174";"Grüne Medizin";"4";"Grüne-Medizin";"german"
"798";"1400713";"Alpa Gun, Greckoe, Fuhrman, Bendt & Grüne Medizin";"4";"Grüne-Medizin";"german"
"799";"1400715";"Grüne Medizin, Alpa Gun, B-Tight";"4";"Grüne-Medizin";"german"
"800";"197429";"Grüne Medizin & Greckoe";"4";"Grüne-Medizin";"german"
"801";NA;"Harleckinz";"0";"Harleckinz";"NA"
"802";NA;"Hecklah & Coch";"0";"Hecklah-&-Coch";"NA"
"803";NA;"Hijackers";"0";"Hijackers";"NA"
"804";"380887";"Icke & Er";"1";"Icke-&-Er";"german"
"805";"213723";"Inglebirds";"1";"Inglebirds";"german"
"806";NA;"Jansen & Kowalski";"0";"Jansen-&-Kowalski";"NA"
"807";NA;"Junge Dichter und Denker";"0";"Junge-Dichter-und-Denker";"NA"
"808";"57749";"Käptn Peng & Die Tentakel von Delphi";"1";"Käptn-Peng-&-Die-Tentakel-von-Delphi";"german"
"809";NA;"Robert Gwisdek";"0";"Robert-Gwisdek";"NA"
"810";NA;"Keilerkopf";"0";"Keilerkopf";"NA"
"811";"47931";"Kinderzimmer Productions";"1";"Kinderzimmer-Productions";"german"
"812";"1304";"K.I.Z.";"1";"K.I.Z";"german"
"813";"1049458";"KMN Gang";"1";"KMN-Gang";"german"
"814";"346139";"Azet";"2";"Azet";"german"
"815";"1646252";"Azet & Zuna";"2";"Azet";"german"
"816";"632671";"Zuna";"2";"Zuna";"german"
"817";"1646252";"Azet & Zuna";"2";"Zuna";"german"
"818";NA;"K*Rings Brothers";"0";"K*Rings-Brothers";"NA"
"819";NA;"K Rotte";"0";"K-Rotte";"NA"
"820";"390222";"Kurzer Prozess";"1";"Kurzer-Prozess";"german"
"821";NA;"Lecker Sachen";"0";"Lecker-Sachen";"NA"
"822";"380729";"Lemon Ice";"1";"Lemon-Ice";"scots"
"823";NA;"Geeno Smith";"0";"Geeno-Smith";"NA"
"824";NA;"Les Babacools";"0";"Les-Babacools";"NA"
"825";"180744";"Manfred Groove";"1";"Manfred-Groove";"german"
"826";"21873";"Massive Töne";"1";"Massive-Töne";"german"
"827";"119053";"Fumanschu";"1";"Fumanschu";"german"
"828";"128040";"Fuat";"1";"Fuat";"turkish"
"829";"356291";"Mediengruppe Telekommander";"1";"Mediengruppe-Telekommander";"german"
"830";"1463893";"Bejarano & Microphone Mafia";"1";"Microphone-Mafia";"german"
"831";NA;"Moabeat";"0";"Moabeat";"NA"
"832";NA;"DJ Illvibe";"0";"DJ-Illvibe";"NA"
"833";NA;"Mundwerk Crew";"0";"Mundwerk-Crew";"NA"
"834";NA;"Nachtwandler";"0";"Nachtwandler";"NA"
"835";NA;"N Factor";"0";"N-Factor";"NA"
"836";NA;"Noisy Stylus";"0";"Noisy-Stylus";"NA"
"837";NA;"N’Socialist Soundsystem";"0";"N’Socialist-Soundsystem";"NA"
"838";"177505";"Ohrbooten";"1";"Ohrbooten";"german"
"839";"1139584";"Peti Free";"1";"Peti-Free";"german"
"840";NA;"PF Squad";"0";"PF-Squad";"NA"
"841";"977588";"The Conjugate Phase Vector Total Energy Dynamic Function";"1";"Phase-V";"english"
"842";NA;"Poedra";"0";"Poedra";"NA"
"843";"980209";"Prophets of Rage";"1";"Prophets-of-Rage";"scots"
"844";"62024";"Puppetmastaz";"1";"Puppetmastaz";"scots"
"845";"455218";"Rapsoul";"1";"Rapsoul";"german"
"846";NA;"Readykill";"0";"Readykill";"NA"
"847";NA;"RockRainer";"0";"RockRainer";"NA"
"848";NA;"SAM";"0";"SAM";"NA"
"849";NA;"Saprize";"0";"Saprize";"NA"
"850";NA;"Gregor Hennig";"0";"Gregor-Hennig";"NA"
"851";NA;"Sandra Nasic";"0";"Sandra-Nasic";"NA"
"852";"95396";"Schlagzeiln";"1";"Schlagzeiln";"german"
"853";NA;"Segam & Andi B.";"0";"Segam-&-Andi-B.";"NA"
"854";"370326";"Sisters Keepers";"1";"Sisters-Keepers";"german"
"855";NA;"Skills en Masse";"0";"Skills-en-Masse";"NA"
"856";NA;"Skunk Funk";"0";"Skunk-Funk";"NA"
"857";NA;"Soko Crew";"0";"Soko-Crew";"NA"
"858";NA;"Sons of Gastarbeita";"0";"Sons-of-Gastarbeita";"NA"
"859";"373653";"Spektacoolär";"1";"Spektacoolär";"german"
"860";NA;"Sprachlabor";"0";"Sprachlabor";"NA"
"861";"29086";"Stereoids";"1";"Stereoids";"german"
"862";"13655";"Stieber Twins";"1";"Stieber-Twins";"german"
"863";NA;"Such a Surge";"0";"Such-a-Surge";"NA"
"864";"13622";"Tefla & Jaleel";"1";"Tefla-&-Jaleel";"german"
"865";NA;"Ricarda Wältken";"0";"Ricarda-Wältken";"NA"
"866";"13815";"Too Strong";"1";"Too-Strong";"german"
"867";NA;"Underdog Cru";"0";"Underdog-Cru";"NA"
"868";NA;"UnterWortverdacht";"0";"UnterWortverdacht";"NA"
"869";"458310";"Urbanize";"1";"Urbanize";"german"
"870";NA;"Verbales Style Kollektiv";"0";"Verbales-Style-Kollektiv";"NA"
"871";NA;"Versbox";"0";"Versbox";"NA"
"872";NA;"Waving the Guns";"0";"Waving-the-Guns";"NA"
"873";"110357";"Witten Untouchable";"1";"Witten-Untouchable";"german"
"874";NA;"Zentrifugal";"0";"Zentrifugal";"NA"
"875";NA;"Bas Böttcher";"0";"Bas-Böttcher";"NA"
"876";"1301793";"Zombiez";"1";"Zombiez";"german"
"877";"657510";"Zweierpasch";"1";"Zweierpasch";"german"
